name,year,poster,id
One Flew Over the Cuckoo's Nest,1975,https://m.media-amazon.com/images/M/MV5BZjA0OWVhOT…2ltYWdlXkEyXkFqcGdeQXVyMTQxNzMzNDI@._V1_SX300.jpg,1
Rogue One,2016,https://m.media-amazon.com/images/M/MV5BMjEwMzMxODIzOV5BMl5BanBnXkFtZTgwNzg3OTAzMDI@._V1_SX300.jpg,2
Ready Player One,2018,https://m.media-amazon.com/images/M/MV5BY2JiYTNmZT…DI0OTU3XkEyXkFqcGdeQXVyNTI4MzE4MDU@._V1_SX300.jpg,3
Birds of Prey: And the Fantabulous Emancipation of One Harley Quinn,2020,https://m.media-amazon.com/images/M/MV5BMzQ3NTQxMj…jZlNzkyXkEyXkFqcGdeQXVyMTkxNjUyNQ@@._V1_SX300.jpg,4
Air Force One,1997,https://m.media-amazon.com/images/M/MV5BYTk5NWE2Zj…2ltYWdlXkEyXkFqcGdeQXVyNjQzNDI3NzY@._V1_SX300.jpg,5
One Hundred and One Dalmatians,1961,https://m.media-amazon.com/images/M/MV5BZGMyMjE4OG…jA4MzVkXkEyXkFqcGdeQXVyMTQxNzMzNDI@._V1_SX300.jpg,6
One Day,2011,https://m.media-amazon.com/images/M/MV5BMTQ3NTg2MDI3NF5BMl5BanBnXkFtZTcwMjc5MTA1NA@@._V1_SX300.jpg,7
One Punch Man: Wanpanman,2015–,https://m.media-amazon.com/images/M/MV5BMTNmZDE2ND…TUyNGVmXkEyXkFqcGdeQXVyNTgyNTA4MjM@._V1_SX300.jpg,8
One Hour Photo,2002,https://m.media-amazon.com/images/M/MV5BYWVkMjAzY2…2ltYWdlXkEyXkFqcGdeQXVyMTQxNzMzNDI@._V1_SX300.jpg,9
The Lucky One,2012,https://m.media-amazon.com/images/M/MV5BMTg5NDk3MjAzMF5BMl5BanBnXkFtZTcwMjUyNzExNw@@._V1_SX300.jpg,10
